,Date
0.0,2010-01-04
1.0,2010-01-05
2.0,2010-01-06
3.0,2010-01-07
4.0,2010-01-08
7.0,2010-01-11
8.0,2010-01-12
9.0,2010-01-13
10.0,2010-01-14
11.0,2010-01-15
15.0,2010-01-19
16.0,2010-01-20
17.0,2010-01-21
18.0,2010-01-22
21.0,2010-01-25
22.0,2010-01-26
23.0,2010-01-27
24.0,2010-01-28
25.0,2010-01-29
28.0,2010-02-01
29.0,2010-02-02
30.0,2010-02-03
31.0,2010-02-04
32.0,2010-02-05
35.0,2010-02-08
36.0,2010-02-09
37.0,2010-02-10
38.0,2010-02-11
39.0,2010-02-12
43.0,2010-02-16
44.0,2010-02-17
45.0,2010-02-18
46.0,2010-02-19
49.0,2010-02-22
50.0,2010-02-23
51.0,2010-02-24
52.0,2010-02-25
53.0,2010-02-26
56.0,2010-03-01
57.0,2010-03-02
58.0,2010-03-03
59.0,2010-03-04
60.0,2010-03-05
63.0,2010-03-08
64.0,2010-03-09
65.0,2010-03-10
66.0,2010-03-11
67.0,2010-03-12
70.0,2010-03-15
71.0,2010-03-16
72.0,2010-03-17
73.0,2010-03-18
74.0,2010-03-19
77.0,2010-03-22
78.0,2010-03-23
79.0,2010-03-24
80.0,2010-03-25
81.0,2010-03-26
84.0,2010-03-29
85.0,2010-03-30
86.0,2010-03-31
87.0,2010-04-01
91.0,2010-04-05
92.0,2010-04-06
93.0,2010-04-07
94.0,2010-04-08
95.0,2010-04-09
98.0,2010-04-12
99.0,2010-04-13
100.0,2010-04-14
101.0,2010-04-15
102.0,2010-04-16
105.0,2010-04-19
106.0,2010-04-20
107.0,2010-04-21
108.0,2010-04-22
109.0,2010-04-23
112.0,2010-04-26
113.0,2010-04-27
114.0,2010-04-28
115.0,2010-04-29
116.0,2010-04-30
119.0,2010-05-03
120.0,2010-05-04
121.0,2010-05-05
122.0,2010-05-06
123.0,2010-05-07
126.0,2010-05-10
127.0,2010-05-11
128.0,2010-05-12
129.0,2010-05-13
130.0,2010-05-14
133.0,2010-05-17
134.0,2010-05-18
135.0,2010-05-19
136.0,2010-05-20
137.0,2010-05-21
140.0,2010-05-24
141.0,2010-05-25
142.0,2010-05-26
143.0,2010-05-27
144.0,2010-05-28
148.0,2010-06-01
149.0,2010-06-02
150.0,2010-06-03
151.0,2010-06-04
154.0,2010-06-07
155.0,2010-06-08
156.0,2010-06-09
157.0,2010-06-10
158.0,2010-06-11
161.0,2010-06-14
162.0,2010-06-15
163.0,2010-06-16
164.0,2010-06-17
165.0,2010-06-18
168.0,2010-06-21
169.0,2010-06-22
170.0,2010-06-23
171.0,2010-06-24
172.0,2010-06-25
175.0,2010-06-28
176.0,2010-06-29
177.0,2010-06-30
178.0,2010-07-01
179.0,2010-07-02
183.0,2010-07-06
184.0,2010-07-07
185.0,2010-07-08
186.0,2010-07-09
189.0,2010-07-12
190.0,2010-07-13
191.0,2010-07-14
192.0,2010-07-15
193.0,2010-07-16
196.0,2010-07-19
197.0,2010-07-20
198.0,2010-07-21
199.0,2010-07-22
200.0,2010-07-23
203.0,2010-07-26
204.0,2010-07-27
205.0,2010-07-28
206.0,2010-07-29
207.0,2010-07-30
210.0,2010-08-02
211.0,2010-08-03
212.0,2010-08-04
213.0,2010-08-05
214.0,2010-08-06
217.0,2010-08-09
218.0,2010-08-10
219.0,2010-08-11
220.0,2010-08-12
221.0,2010-08-13
224.0,2010-08-16
225.0,2010-08-17
226.0,2010-08-18
227.0,2010-08-19
228.0,2010-08-20
231.0,2010-08-23
232.0,2010-08-24
233.0,2010-08-25
234.0,2010-08-26
235.0,2010-08-27
238.0,2010-08-30
239.0,2010-08-31
240.0,2010-09-01
241.0,2010-09-02
242.0,2010-09-03
246.0,2010-09-07
247.0,2010-09-08
248.0,2010-09-09
249.0,2010-09-10
252.0,2010-09-13
253.0,2010-09-14
254.0,2010-09-15
255.0,2010-09-16
256.0,2010-09-17
259.0,2010-09-20
260.0,2010-09-21
261.0,2010-09-22
262.0,2010-09-23
263.0,2010-09-24
266.0,2010-09-27
267.0,2010-09-28
268.0,2010-09-29
269.0,2010-09-30
270.0,2010-10-01
273.0,2010-10-04
274.0,2010-10-05
275.0,2010-10-06
276.0,2010-10-07
277.0,2010-10-08
280.0,2010-10-11
281.0,2010-10-12
282.0,2010-10-13
283.0,2010-10-14
284.0,2010-10-15
287.0,2010-10-18
288.0,2010-10-19
289.0,2010-10-20
290.0,2010-10-21
291.0,2010-10-22
294.0,2010-10-25
295.0,2010-10-26
296.0,2010-10-27
297.0,2010-10-28
298.0,2010-10-29
301.0,2010-11-01
302.0,2010-11-02
303.0,2010-11-03
304.0,2010-11-04
305.0,2010-11-05
308.0,2010-11-08
309.0,2010-11-09
310.0,2010-11-10
311.0,2010-11-11
312.0,2010-11-12
315.0,2010-11-15
316.0,2010-11-16
317.0,2010-11-17
318.0,2010-11-18
319.0,2010-11-19
322.0,2010-11-22
323.0,2010-11-23
324.0,2010-11-24
326.0,2010-11-26
329.0,2010-11-29
330.0,2010-11-30
331.0,2010-12-01
332.0,2010-12-02
333.0,2010-12-03
336.0,2010-12-06
337.0,2010-12-07
338.0,2010-12-08
339.0,2010-12-09
340.0,2010-12-10
343.0,2010-12-13
344.0,2010-12-14
345.0,2010-12-15
346.0,2010-12-16
347.0,2010-12-17
350.0,2010-12-20
351.0,2010-12-21
352.0,2010-12-22
353.0,2010-12-23
357.0,2010-12-27
358.0,2010-12-28
359.0,2010-12-29
360.0,2010-12-30
361.0,2010-12-31
364.0,2011-01-03
365.0,2011-01-04
366.0,2011-01-05
367.0,2011-01-06
368.0,2011-01-07
371.0,2011-01-10
372.0,2011-01-11
373.0,2011-01-12
374.0,2011-01-13
375.0,2011-01-14
379.0,2011-01-18
380.0,2011-01-19
381.0,2011-01-20
382.0,2011-01-21
385.0,2011-01-24
386.0,2011-01-25
387.0,2011-01-26
388.0,2011-01-27
389.0,2011-01-28
392.0,2011-01-31
393.0,2011-02-01
394.0,2011-02-02
395.0,2011-02-03
396.0,2011-02-04
399.0,2011-02-07
400.0,2011-02-08
401.0,2011-02-09
402.0,2011-02-10
403.0,2011-02-11
406.0,2011-02-14
407.0,2011-02-15
408.0,2011-02-16
409.0,2011-02-17
410.0,2011-02-18
414.0,2011-02-22
415.0,2011-02-23
416.0,2011-02-24
417.0,2011-02-25
420.0,2011-02-28
421.0,2011-03-01
422.0,2011-03-02
423.0,2011-03-03
424.0,2011-03-04
427.0,2011-03-07
428.0,2011-03-08
429.0,2011-03-09
430.0,2011-03-10
431.0,2011-03-11
434.0,2011-03-14
435.0,2011-03-15
436.0,2011-03-16
437.0,2011-03-17
438.0,2011-03-18
441.0,2011-03-21
442.0,2011-03-22
443.0,2011-03-23
444.0,2011-03-24
445.0,2011-03-25
448.0,2011-03-28
449.0,2011-03-29
450.0,2011-03-30
451.0,2011-03-31
452.0,2011-04-01
455.0,2011-04-04
456.0,2011-04-05
457.0,2011-04-06
458.0,2011-04-07
459.0,2011-04-08
462.0,2011-04-11
463.0,2011-04-12
464.0,2011-04-13
465.0,2011-04-14
466.0,2011-04-15
469.0,2011-04-18
470.0,2011-04-19
471.0,2011-04-20
472.0,2011-04-21
476.0,2011-04-25
477.0,2011-04-26
478.0,2011-04-27
479.0,2011-04-28
480.0,2011-04-29
483.0,2011-05-02
484.0,2011-05-03
485.0,2011-05-04
486.0,2011-05-05
487.0,2011-05-06
490.0,2011-05-09
491.0,2011-05-10
492.0,2011-05-11
493.0,2011-05-12
494.0,2011-05-13
497.0,2011-05-16
498.0,2011-05-17
499.0,2011-05-18
500.0,2011-05-19
501.0,2011-05-20
504.0,2011-05-23
505.0,2011-05-24
506.0,2011-05-25
507.0,2011-05-26
508.0,2011-05-27
512.0,2011-05-31
513.0,2011-06-01
514.0,2011-06-02
515.0,2011-06-03
518.0,2011-06-06
519.0,2011-06-07
520.0,2011-06-08
521.0,2011-06-09
522.0,2011-06-10
525.0,2011-06-13
526.0,2011-06-14
527.0,2011-06-15
528.0,2011-06-16
529.0,2011-06-17
532.0,2011-06-20
533.0,2011-06-21
534.0,2011-06-22
535.0,2011-06-23
536.0,2011-06-24
539.0,2011-06-27
540.0,2011-06-28
541.0,2011-06-29
542.0,2011-06-30
543.0,2011-07-01
547.0,2011-07-05
548.0,2011-07-06
549.0,2011-07-07
550.0,2011-07-08
553.0,2011-07-11
554.0,2011-07-12
555.0,2011-07-13
556.0,2011-07-14
557.0,2011-07-15
560.0,2011-07-18
561.0,2011-07-19
562.0,2011-07-20
563.0,2011-07-21
564.0,2011-07-22
567.0,2011-07-25
568.0,2011-07-26
569.0,2011-07-27
570.0,2011-07-28
571.0,2011-07-29
574.0,2011-08-01
575.0,2011-08-02
576.0,2011-08-03
577.0,2011-08-04
578.0,2011-08-05
581.0,2011-08-08
582.0,2011-08-09
583.0,2011-08-10
584.0,2011-08-11
585.0,2011-08-12
588.0,2011-08-15
589.0,2011-08-16
590.0,2011-08-17
591.0,2011-08-18
592.0,2011-08-19
595.0,2011-08-22
596.0,2011-08-23
597.0,2011-08-24
598.0,2011-08-25
599.0,2011-08-26
602.0,2011-08-29
603.0,2011-08-30
604.0,2011-08-31
605.0,2011-09-01
606.0,2011-09-02
610.0,2011-09-06
611.0,2011-09-07
612.0,2011-09-08
613.0,2011-09-09
616.0,2011-09-12
617.0,2011-09-13
618.0,2011-09-14
619.0,2011-09-15
620.0,2011-09-16
623.0,2011-09-19
624.0,2011-09-20
625.0,2011-09-21
626.0,2011-09-22
627.0,2011-09-23
630.0,2011-09-26
631.0,2011-09-27
632.0,2011-09-28
633.0,2011-09-29
634.0,2011-09-30
637.0,2011-10-03
638.0,2011-10-04
639.0,2011-10-05
640.0,2011-10-06
641.0,2011-10-07
644.0,2011-10-10
645.0,2011-10-11
646.0,2011-10-12
647.0,2011-10-13
648.0,2011-10-14
651.0,2011-10-17
652.0,2011-10-18
653.0,2011-10-19
654.0,2011-10-20
655.0,2011-10-21
658.0,2011-10-24
659.0,2011-10-25
660.0,2011-10-26
661.0,2011-10-27
662.0,2011-10-28
665.0,2011-10-31
666.0,2011-11-01
667.0,2011-11-02
668.0,2011-11-03
669.0,2011-11-04
672.0,2011-11-07
673.0,2011-11-08
674.0,2011-11-09
675.0,2011-11-10
676.0,2011-11-11
679.0,2011-11-14
680.0,2011-11-15
681.0,2011-11-16
682.0,2011-11-17
683.0,2011-11-18
686.0,2011-11-21
687.0,2011-11-22
688.0,2011-11-23
690.0,2011-11-25
693.0,2011-11-28
694.0,2011-11-29
695.0,2011-11-30
696.0,2011-12-01
697.0,2011-12-02
700.0,2011-12-05
701.0,2011-12-06
702.0,2011-12-07
703.0,2011-12-08
704.0,2011-12-09
707.0,2011-12-12
708.0,2011-12-13
709.0,2011-12-14
710.0,2011-12-15
711.0,2011-12-16
714.0,2011-12-19
715.0,2011-12-20
716.0,2011-12-21
717.0,2011-12-22
718.0,2011-12-23
722.0,2011-12-27
723.0,2011-12-28
724.0,2011-12-29
725.0,2011-12-30
729.0,2012-01-03
730.0,2012-01-04
731.0,2012-01-05
732.0,2012-01-06
735.0,2012-01-09
736.0,2012-01-10
737.0,2012-01-11
738.0,2012-01-12
739.0,2012-01-13
743.0,2012-01-17
744.0,2012-01-18
745.0,2012-01-19
746.0,2012-01-20
749.0,2012-01-23
750.0,2012-01-24
751.0,2012-01-25
752.0,2012-01-26
753.0,2012-01-27
756.0,2012-01-30
757.0,2012-01-31
758.0,2012-02-01
759.0,2012-02-02
760.0,2012-02-03
763.0,2012-02-06
764.0,2012-02-07
765.0,2012-02-08
766.0,2012-02-09
767.0,2012-02-10
770.0,2012-02-13
771.0,2012-02-14
772.0,2012-02-15
773.0,2012-02-16
774.0,2012-02-17
778.0,2012-02-21
779.0,2012-02-22
780.0,2012-02-23
781.0,2012-02-24
784.0,2012-02-27
785.0,2012-02-28
786.0,2012-02-29
787.0,2012-03-01
788.0,2012-03-02
791.0,2012-03-05
792.0,2012-03-06
793.0,2012-03-07
794.0,2012-03-08
795.0,2012-03-09
798.0,2012-03-12
799.0,2012-03-13
800.0,2012-03-14
801.0,2012-03-15
802.0,2012-03-16
805.0,2012-03-19
806.0,2012-03-20
807.0,2012-03-21
808.0,2012-03-22
809.0,2012-03-23
812.0,2012-03-26
813.0,2012-03-27
814.0,2012-03-28
815.0,2012-03-29
816.0,2012-03-30
819.0,2012-04-02
820.0,2012-04-03
821.0,2012-04-04
822.0,2012-04-05
826.0,2012-04-09
827.0,2012-04-10
828.0,2012-04-11
829.0,2012-04-12
830.0,2012-04-13
833.0,2012-04-16
834.0,2012-04-17
835.0,2012-04-18
836.0,2012-04-19
837.0,2012-04-20
840.0,2012-04-23
841.0,2012-04-24
842.0,2012-04-25
843.0,2012-04-26
844.0,2012-04-27
847.0,2012-04-30
848.0,2012-05-01
849.0,2012-05-02
850.0,2012-05-03
851.0,2012-05-04
854.0,2012-05-07
855.0,2012-05-08
856.0,2012-05-09
857.0,2012-05-10
858.0,2012-05-11
861.0,2012-05-14
862.0,2012-05-15
863.0,2012-05-16
864.0,2012-05-17
865.0,2012-05-18
868.0,2012-05-21
869.0,2012-05-22
870.0,2012-05-23
871.0,2012-05-24
872.0,2012-05-25
876.0,2012-05-29
877.0,2012-05-30
878.0,2012-05-31
879.0,2012-06-01
882.0,2012-06-04
883.0,2012-06-05
884.0,2012-06-06
885.0,2012-06-07
886.0,2012-06-08
889.0,2012-06-11
890.0,2012-06-12
891.0,2012-06-13
892.0,2012-06-14
893.0,2012-06-15
896.0,2012-06-18
897.0,2012-06-19
898.0,2012-06-20
899.0,2012-06-21
900.0,2012-06-22
903.0,2012-06-25
904.0,2012-06-26
905.0,2012-06-27
906.0,2012-06-28
907.0,2012-06-29
910.0,2012-07-02
911.0,2012-07-03
913.0,2012-07-05
914.0,2012-07-06
917.0,2012-07-09
918.0,2012-07-10
919.0,2012-07-11
920.0,2012-07-12
921.0,2012-07-13
924.0,2012-07-16
925.0,2012-07-17
926.0,2012-07-18
927.0,2012-07-19
928.0,2012-07-20
931.0,2012-07-23
932.0,2012-07-24
933.0,2012-07-25
934.0,2012-07-26
935.0,2012-07-27
938.0,2012-07-30
939.0,2012-07-31
940.0,2012-08-01
941.0,2012-08-02
942.0,2012-08-03
945.0,2012-08-06
946.0,2012-08-07
947.0,2012-08-08
948.0,2012-08-09
949.0,2012-08-10
952.0,2012-08-13
953.0,2012-08-14
954.0,2012-08-15
955.0,2012-08-16
956.0,2012-08-17
959.0,2012-08-20
960.0,2012-08-21
961.0,2012-08-22
962.0,2012-08-23
963.0,2012-08-24
966.0,2012-08-27
967.0,2012-08-28
968.0,2012-08-29
969.0,2012-08-30
970.0,2012-08-31
974.0,2012-09-04
975.0,2012-09-05
976.0,2012-09-06
977.0,2012-09-07
980.0,2012-09-10
981.0,2012-09-11
982.0,2012-09-12
983.0,2012-09-13
984.0,2012-09-14
987.0,2012-09-17
988.0,2012-09-18
989.0,2012-09-19
990.0,2012-09-20
991.0,2012-09-21
994.0,2012-09-24
995.0,2012-09-25
996.0,2012-09-26
997.0,2012-09-27
998.0,2012-09-28
1001.0,2012-10-01
1002.0,2012-10-02
1003.0,2012-10-03
1004.0,2012-10-04
1005.0,2012-10-05
1008.0,2012-10-08
1009.0,2012-10-09
1010.0,2012-10-10
1011.0,2012-10-11
1012.0,2012-10-12
1015.0,2012-10-15
1016.0,2012-10-16
1017.0,2012-10-17
1018.0,2012-10-18
1019.0,2012-10-19
1022.0,2012-10-22
1023.0,2012-10-23
1024.0,2012-10-24
1025.0,2012-10-25
1026.0,2012-10-26
1031.0,2012-10-31
1032.0,2012-11-01
1033.0,2012-11-02
1036.0,2012-11-05
1037.0,2012-11-06
1038.0,2012-11-07
1039.0,2012-11-08
1040.0,2012-11-09
1043.0,2012-11-12
1044.0,2012-11-13
1045.0,2012-11-14
1046.0,2012-11-15
1047.0,2012-11-16
1050.0,2012-11-19
1051.0,2012-11-20
1052.0,2012-11-21
1054.0,2012-11-23
1057.0,2012-11-26
1058.0,2012-11-27
1059.0,2012-11-28
1060.0,2012-11-29
1061.0,2012-11-30
1064.0,2012-12-03
1065.0,2012-12-04
1066.0,2012-12-05
1067.0,2012-12-06
1068.0,2012-12-07
1071.0,2012-12-10
1072.0,2012-12-11
1073.0,2012-12-12
1074.0,2012-12-13
1075.0,2012-12-14
1078.0,2012-12-17
1079.0,2012-12-18
1080.0,2012-12-19
1081.0,2012-12-20
1082.0,2012-12-21
1085.0,2012-12-24
1087.0,2012-12-26
1088.0,2012-12-27
1089.0,2012-12-28
1092.0,2012-12-31
1094.0,2013-01-02
1095.0,2013-01-03
1096.0,2013-01-04
1099.0,2013-01-07
1100.0,2013-01-08
1101.0,2013-01-09
1102.0,2013-01-10
1103.0,2013-01-11
1106.0,2013-01-14
1107.0,2013-01-15
1108.0,2013-01-16
1109.0,2013-01-17
1110.0,2013-01-18
1114.0,2013-01-22
1115.0,2013-01-23
1116.0,2013-01-24
1117.0,2013-01-25
1120.0,2013-01-28
1121.0,2013-01-29
1122.0,2013-01-30
1123.0,2013-01-31
1124.0,2013-02-01
1127.0,2013-02-04
1128.0,2013-02-05
1129.0,2013-02-06
1130.0,2013-02-07
1131.0,2013-02-08
1134.0,2013-02-11
1135.0,2013-02-12
1136.0,2013-02-13
1137.0,2013-02-14
1138.0,2013-02-15
1142.0,2013-02-19
1143.0,2013-02-20
1144.0,2013-02-21
1145.0,2013-02-22
1148.0,2013-02-25
1149.0,2013-02-26
1150.0,2013-02-27
1151.0,2013-02-28
1152.0,2013-03-01
1155.0,2013-03-04
1156.0,2013-03-05
1157.0,2013-03-06
1158.0,2013-03-07
1159.0,2013-03-08
1162.0,2013-03-11
1163.0,2013-03-12
1164.0,2013-03-13
1165.0,2013-03-14
1166.0,2013-03-15
1169.0,2013-03-18
1170.0,2013-03-19
1171.0,2013-03-20
1172.0,2013-03-21
1173.0,2013-03-22
1176.0,2013-03-25
1177.0,2013-03-26
1178.0,2013-03-27
1179.0,2013-03-28
1183.0,2013-04-01
1184.0,2013-04-02
1185.0,2013-04-03
1186.0,2013-04-04
1187.0,2013-04-05
1190.0,2013-04-08
1191.0,2013-04-09
1192.0,2013-04-10
1193.0,2013-04-11
1194.0,2013-04-12
1197.0,2013-04-15
1198.0,2013-04-16
1199.0,2013-04-17
1200.0,2013-04-18
1201.0,2013-04-19
1204.0,2013-04-22
1205.0,2013-04-23
1206.0,2013-04-24
1207.0,2013-04-25
1208.0,2013-04-26
1211.0,2013-04-29
1212.0,2013-04-30
1213.0,2013-05-01
1214.0,2013-05-02
1215.0,2013-05-03
1218.0,2013-05-06
1219.0,2013-05-07
1220.0,2013-05-08
1221.0,2013-05-09
1222.0,2013-05-10
1225.0,2013-05-13
1226.0,2013-05-14
1227.0,2013-05-15
1228.0,2013-05-16
1229.0,2013-05-17
1232.0,2013-05-20
1233.0,2013-05-21
1234.0,2013-05-22
1235.0,2013-05-23
1236.0,2013-05-24
1240.0,2013-05-28
1241.0,2013-05-29
1242.0,2013-05-30
1243.0,2013-05-31
1246.0,2013-06-03
1247.0,2013-06-04
1248.0,2013-06-05
1249.0,2013-06-06
1250.0,2013-06-07
1253.0,2013-06-10
1254.0,2013-06-11
1255.0,2013-06-12
1256.0,2013-06-13
1257.0,2013-06-14
1260.0,2013-06-17
1261.0,2013-06-18
1262.0,2013-06-19
1263.0,2013-06-20
1264.0,2013-06-21
1267.0,2013-06-24
1268.0,2013-06-25
1269.0,2013-06-26
1270.0,2013-06-27
1271.0,2013-06-28
1274.0,2013-07-01
1275.0,2013-07-02
1276.0,2013-07-03
1278.0,2013-07-05
1281.0,2013-07-08
1282.0,2013-07-09
1283.0,2013-07-10
1284.0,2013-07-11
1285.0,2013-07-12
1288.0,2013-07-15
1289.0,2013-07-16
1290.0,2013-07-17
1291.0,2013-07-18
1292.0,2013-07-19
1295.0,2013-07-22
1296.0,2013-07-23
1297.0,2013-07-24
1298.0,2013-07-25
1299.0,2013-07-26
1302.0,2013-07-29
1303.0,2013-07-30
1304.0,2013-07-31
1305.0,2013-08-01
1306.0,2013-08-02
1309.0,2013-08-05
1310.0,2013-08-06
1311.0,2013-08-07
1312.0,2013-08-08
1313.0,2013-08-09
1316.0,2013-08-12
1317.0,2013-08-13
1318.0,2013-08-14
1319.0,2013-08-15
1320.0,2013-08-16
1323.0,2013-08-19
1324.0,2013-08-20
1325.0,2013-08-21
1326.0,2013-08-22
1327.0,2013-08-23
1330.0,2013-08-26
1331.0,2013-08-27
1332.0,2013-08-28
1333.0,2013-08-29
1334.0,2013-08-30
1338.0,2013-09-03
1339.0,2013-09-04
1340.0,2013-09-05
1341.0,2013-09-06
1344.0,2013-09-09
1345.0,2013-09-10
1346.0,2013-09-11
1347.0,2013-09-12
1348.0,2013-09-13
1351.0,2013-09-16
1352.0,2013-09-17
1353.0,2013-09-18
1354.0,2013-09-19
1355.0,2013-09-20
1358.0,2013-09-23
1359.0,2013-09-24
1360.0,2013-09-25
1361.0,2013-09-26
1362.0,2013-09-27
1365.0,2013-09-30
1366.0,2013-10-01
1367.0,2013-10-02
1368.0,2013-10-03
1369.0,2013-10-04
1372.0,2013-10-07
1373.0,2013-10-08
1374.0,2013-10-09
1375.0,2013-10-10
1376.0,2013-10-11
1379.0,2013-10-14
1380.0,2013-10-15
1381.0,2013-10-16
1382.0,2013-10-17
1383.0,2013-10-18
1386.0,2013-10-21
1387.0,2013-10-22
1388.0,2013-10-23
1389.0,2013-10-24
1390.0,2013-10-25
1393.0,2013-10-28
1394.0,2013-10-29
1395.0,2013-10-30
1396.0,2013-10-31
1397.0,2013-11-01
1400.0,2013-11-04
1401.0,2013-11-05
1402.0,2013-11-06
1403.0,2013-11-07
1404.0,2013-11-08
1407.0,2013-11-11
1408.0,2013-11-12
1409.0,2013-11-13
1410.0,2013-11-14
1411.0,2013-11-15
1414.0,2013-11-18
1415.0,2013-11-19
1416.0,2013-11-20
1417.0,2013-11-21
1418.0,2013-11-22
1421.0,2013-11-25
1422.0,2013-11-26
1423.0,2013-11-27
1425.0,2013-11-29
1428.0,2013-12-02
1429.0,2013-12-03
1430.0,2013-12-04
1431.0,2013-12-05
1432.0,2013-12-06
1435.0,2013-12-09
1436.0,2013-12-10
1437.0,2013-12-11
1438.0,2013-12-12
1439.0,2013-12-13
1442.0,2013-12-16
1443.0,2013-12-17
1444.0,2013-12-18
1445.0,2013-12-19
1446.0,2013-12-20
1449.0,2013-12-23
1450.0,2013-12-24
1452.0,2013-12-26
1453.0,2013-12-27
1456.0,2013-12-30
1457.0,2013-12-31
1459.0,2014-01-02
1460.0,2014-01-03
1463.0,2014-01-06
1464.0,2014-01-07
1465.0,2014-01-08
1466.0,2014-01-09
1467.0,2014-01-10
1470.0,2014-01-13
1471.0,2014-01-14
1472.0,2014-01-15
1473.0,2014-01-16
1474.0,2014-01-17
1478.0,2014-01-21
1479.0,2014-01-22
1480.0,2014-01-23
1481.0,2014-01-24
1484.0,2014-01-27
1485.0,2014-01-28
1486.0,2014-01-29
1487.0,2014-01-30
1488.0,2014-01-31
1491.0,2014-02-03
1492.0,2014-02-04
1493.0,2014-02-05
1494.0,2014-02-06
1495.0,2014-02-07
1498.0,2014-02-10
1499.0,2014-02-11
1500.0,2014-02-12
1501.0,2014-02-13
1502.0,2014-02-14
1506.0,2014-02-18
1507.0,2014-02-19
1508.0,2014-02-20
1509.0,2014-02-21
1512.0,2014-02-24
1513.0,2014-02-25
1514.0,2014-02-26
1515.0,2014-02-27
1516.0,2014-02-28
1519.0,2014-03-03
1520.0,2014-03-04
1521.0,2014-03-05
1522.0,2014-03-06
1523.0,2014-03-07
1526.0,2014-03-10
1527.0,2014-03-11
1528.0,2014-03-12
1529.0,2014-03-13
1530.0,2014-03-14
1533.0,2014-03-17
1534.0,2014-03-18
1535.0,2014-03-19
1536.0,2014-03-20
1537.0,2014-03-21
1540.0,2014-03-24
1541.0,2014-03-25
1542.0,2014-03-26
1543.0,2014-03-27
1544.0,2014-03-28
1547.0,2014-03-31
1548.0,2014-04-01
1549.0,2014-04-02
1550.0,2014-04-03
1551.0,2014-04-04
1554.0,2014-04-07
1555.0,2014-04-08
1556.0,2014-04-09
1557.0,2014-04-10
1558.0,2014-04-11
1561.0,2014-04-14
1562.0,2014-04-15
1563.0,2014-04-16
1564.0,2014-04-17
1568.0,2014-04-21
1569.0,2014-04-22
1570.0,2014-04-23
1571.0,2014-04-24
1572.0,2014-04-25
1575.0,2014-04-28
1576.0,2014-04-29
1577.0,2014-04-30
1578.0,2014-05-01
1579.0,2014-05-02
1582.0,2014-05-05
1583.0,2014-05-06
1584.0,2014-05-07
1585.0,2014-05-08
1586.0,2014-05-09
1589.0,2014-05-12
1590.0,2014-05-13
1591.0,2014-05-14
1592.0,2014-05-15
1593.0,2014-05-16
1596.0,2014-05-19
1597.0,2014-05-20
1598.0,2014-05-21
1599.0,2014-05-22
1600.0,2014-05-23
1604.0,2014-05-27
1605.0,2014-05-28
1606.0,2014-05-29
1607.0,2014-05-30
1610.0,2014-06-02
1611.0,2014-06-03
1612.0,2014-06-04
1613.0,2014-06-05
1614.0,2014-06-06
1617.0,2014-06-09
1618.0,2014-06-10
1619.0,2014-06-11
1620.0,2014-06-12
1621.0,2014-06-13
1624.0,2014-06-16
1625.0,2014-06-17
1626.0,2014-06-18
1627.0,2014-06-19
1628.0,2014-06-20
1631.0,2014-06-23
1632.0,2014-06-24
1633.0,2014-06-25
1634.0,2014-06-26
1635.0,2014-06-27
1638.0,2014-06-30
1639.0,2014-07-01
1640.0,2014-07-02
1641.0,2014-07-03
1645.0,2014-07-07
1646.0,2014-07-08
1647.0,2014-07-09
1648.0,2014-07-10
1649.0,2014-07-11
1652.0,2014-07-14
1653.0,2014-07-15
1654.0,2014-07-16
1655.0,2014-07-17
1656.0,2014-07-18
1659.0,2014-07-21
1660.0,2014-07-22
1661.0,2014-07-23
1662.0,2014-07-24
1663.0,2014-07-25
1666.0,2014-07-28
1667.0,2014-07-29
1668.0,2014-07-30
1669.0,2014-07-31
1670.0,2014-08-01
1673.0,2014-08-04
1674.0,2014-08-05
1675.0,2014-08-06
1676.0,2014-08-07
1677.0,2014-08-08
1680.0,2014-08-11
1681.0,2014-08-12
1682.0,2014-08-13
1683.0,2014-08-14
1684.0,2014-08-15
1687.0,2014-08-18
1688.0,2014-08-19
1689.0,2014-08-20
1690.0,2014-08-21
1691.0,2014-08-22
1694.0,2014-08-25
1695.0,2014-08-26
1696.0,2014-08-27
1697.0,2014-08-28
1698.0,2014-08-29
1702.0,2014-09-02
1703.0,2014-09-03
1704.0,2014-09-04
1705.0,2014-09-05
1708.0,2014-09-08
1709.0,2014-09-09
1710.0,2014-09-10
1711.0,2014-09-11
1712.0,2014-09-12
1715.0,2014-09-15
1716.0,2014-09-16
1717.0,2014-09-17
1718.0,2014-09-18
1719.0,2014-09-19
1722.0,2014-09-22
1723.0,2014-09-23
1724.0,2014-09-24
1725.0,2014-09-25
1726.0,2014-09-26
1729.0,2014-09-29
1730.0,2014-09-30
1731.0,2014-10-01
1732.0,2014-10-02
1733.0,2014-10-03
1736.0,2014-10-06
1737.0,2014-10-07
1738.0,2014-10-08
1739.0,2014-10-09
1740.0,2014-10-10
1743.0,2014-10-13
1744.0,2014-10-14
1745.0,2014-10-15
1746.0,2014-10-16
1747.0,2014-10-17
1750.0,2014-10-20
1751.0,2014-10-21
1752.0,2014-10-22
1753.0,2014-10-23
1754.0,2014-10-24
1757.0,2014-10-27
1758.0,2014-10-28
1759.0,2014-10-29
1760.0,2014-10-30
1761.0,2014-10-31
1764.0,2014-11-03
1765.0,2014-11-04
1766.0,2014-11-05
1767.0,2014-11-06
1768.0,2014-11-07
1771.0,2014-11-10
1772.0,2014-11-11
1773.0,2014-11-12
1774.0,2014-11-13
1775.0,2014-11-14
1778.0,2014-11-17
1779.0,2014-11-18
1780.0,2014-11-19
1781.0,2014-11-20
1782.0,2014-11-21
1785.0,2014-11-24
1786.0,2014-11-25
1787.0,2014-11-26
1789.0,2014-11-28
1792.0,2014-12-01
1793.0,2014-12-02
1794.0,2014-12-03
1795.0,2014-12-04
1796.0,2014-12-05
1799.0,2014-12-08
1800.0,2014-12-09
1801.0,2014-12-10
1802.0,2014-12-11
1803.0,2014-12-12
1806.0,2014-12-15
1807.0,2014-12-16
1808.0,2014-12-17
1809.0,2014-12-18
1810.0,2014-12-19
1813.0,2014-12-22
1814.0,2014-12-23
1815.0,2014-12-24
1817.0,2014-12-26
1820.0,2014-12-29
1821.0,2014-12-30
1822.0,2014-12-31
1824.0,2015-01-02
1827.0,2015-01-05
1828.0,2015-01-06
1829.0,2015-01-07
1830.0,2015-01-08
1831.0,2015-01-09
1834.0,2015-01-12
1835.0,2015-01-13
1836.0,2015-01-14
1837.0,2015-01-15
1838.0,2015-01-16
1842.0,2015-01-20
1843.0,2015-01-21
1844.0,2015-01-22
1845.0,2015-01-23
1848.0,2015-01-26
1849.0,2015-01-27
1850.0,2015-01-28
1851.0,2015-01-29
1852.0,2015-01-30
1855.0,2015-02-02
1856.0,2015-02-03
1857.0,2015-02-04
1858.0,2015-02-05
1859.0,2015-02-06
1862.0,2015-02-09
1863.0,2015-02-10
1864.0,2015-02-11
1865.0,2015-02-12
1866.0,2015-02-13
1870.0,2015-02-17
1871.0,2015-02-18
1872.0,2015-02-19
1873.0,2015-02-20
1876.0,2015-02-23
1877.0,2015-02-24
1878.0,2015-02-25
1879.0,2015-02-26
1880.0,2015-02-27
1883.0,2015-03-02
1884.0,2015-03-03
1885.0,2015-03-04
1886.0,2015-03-05
1887.0,2015-03-06
1890.0,2015-03-09
1891.0,2015-03-10
1892.0,2015-03-11
1893.0,2015-03-12
1894.0,2015-03-13
1897.0,2015-03-16
1898.0,2015-03-17
1899.0,2015-03-18
1900.0,2015-03-19
1901.0,2015-03-20
1904.0,2015-03-23
1905.0,2015-03-24
1906.0,2015-03-25
1907.0,2015-03-26
1908.0,2015-03-27
1911.0,2015-03-30
1912.0,2015-03-31
1913.0,2015-04-01
1914.0,2015-04-02
1918.0,2015-04-06
1919.0,2015-04-07
1920.0,2015-04-08
1921.0,2015-04-09
1922.0,2015-04-10
1925.0,2015-04-13
1926.0,2015-04-14
1927.0,2015-04-15
1928.0,2015-04-16
1929.0,2015-04-17
1932.0,2015-04-20
1933.0,2015-04-21
1934.0,2015-04-22
1935.0,2015-04-23
1936.0,2015-04-24
1939.0,2015-04-27
1940.0,2015-04-28
1941.0,2015-04-29
1942.0,2015-04-30
1943.0,2015-05-01
1946.0,2015-05-04
1947.0,2015-05-05
1948.0,2015-05-06
1949.0,2015-05-07
1950.0,2015-05-08
1953.0,2015-05-11
1954.0,2015-05-12
1955.0,2015-05-13
1956.0,2015-05-14
1957.0,2015-05-15
1960.0,2015-05-18
1961.0,2015-05-19
1962.0,2015-05-20
1963.0,2015-05-21
1964.0,2015-05-22
1968.0,2015-05-26
1969.0,2015-05-27
1970.0,2015-05-28
1971.0,2015-05-29
1974.0,2015-06-01
1975.0,2015-06-02
1976.0,2015-06-03
1977.0,2015-06-04
1978.0,2015-06-05
1981.0,2015-06-08
1982.0,2015-06-09
1983.0,2015-06-10
1984.0,2015-06-11
1985.0,2015-06-12
1988.0,2015-06-15
1989.0,2015-06-16
1990.0,2015-06-17
1991.0,2015-06-18
1992.0,2015-06-19
1995.0,2015-06-22
1996.0,2015-06-23
1997.0,2015-06-24
1998.0,2015-06-25
1999.0,2015-06-26
2002.0,2015-06-29
2003.0,2015-06-30
2004.0,2015-07-01
2005.0,2015-07-02
2009.0,2015-07-06
2010.0,2015-07-07
2011.0,2015-07-08
2012.0,2015-07-09
2013.0,2015-07-10
2016.0,2015-07-13
2017.0,2015-07-14
2018.0,2015-07-15
2019.0,2015-07-16
2020.0,2015-07-17
2023.0,2015-07-20
2024.0,2015-07-21
2025.0,2015-07-22
2026.0,2015-07-23
2027.0,2015-07-24
2030.0,2015-07-27
2031.0,2015-07-28
2032.0,2015-07-29
2033.0,2015-07-30
2034.0,2015-07-31
2037.0,2015-08-03
2038.0,2015-08-04
2039.0,2015-08-05
2040.0,2015-08-06
2041.0,2015-08-07
2044.0,2015-08-10
2045.0,2015-08-11
2046.0,2015-08-12
2047.0,2015-08-13
2048.0,2015-08-14
2051.0,2015-08-17
2052.0,2015-08-18
2053.0,2015-08-19
2054.0,2015-08-20
2055.0,2015-08-21
2058.0,2015-08-24
2059.0,2015-08-25
2060.0,2015-08-26
2061.0,2015-08-27
2062.0,2015-08-28
2065.0,2015-08-31
2066.0,2015-09-01
2067.0,2015-09-02
2068.0,2015-09-03
2069.0,2015-09-04
2073.0,2015-09-08
2074.0,2015-09-09
2075.0,2015-09-10
2076.0,2015-09-11
2079.0,2015-09-14
2080.0,2015-09-15
2081.0,2015-09-16
2082.0,2015-09-17
2083.0,2015-09-18
2086.0,2015-09-21
2087.0,2015-09-22
2088.0,2015-09-23
2089.0,2015-09-24
2090.0,2015-09-25
2093.0,2015-09-28
2094.0,2015-09-29
2095.0,2015-09-30
2096.0,2015-10-01
2097.0,2015-10-02
2100.0,2015-10-05
2101.0,2015-10-06
2102.0,2015-10-07
2103.0,2015-10-08
2104.0,2015-10-09
2107.0,2015-10-12
2108.0,2015-10-13
2109.0,2015-10-14
2110.0,2015-10-15
2111.0,2015-10-16
2114.0,2015-10-19
2115.0,2015-10-20
2116.0,2015-10-21
2117.0,2015-10-22
2118.0,2015-10-23
2121.0,2015-10-26
2122.0,2015-10-27
2123.0,2015-10-28
2124.0,2015-10-29
2125.0,2015-10-30
2128.0,2015-11-02
2129.0,2015-11-03
2130.0,2015-11-04
2131.0,2015-11-05
2132.0,2015-11-06
2135.0,2015-11-09
2136.0,2015-11-10
2137.0,2015-11-11
2138.0,2015-11-12
2139.0,2015-11-13
2142.0,2015-11-16
2143.0,2015-11-17
2144.0,2015-11-18
2145.0,2015-11-19
2146.0,2015-11-20
2149.0,2015-11-23
2150.0,2015-11-24
2151.0,2015-11-25
2153.0,2015-11-27
2156.0,2015-11-30
2157.0,2015-12-01
2158.0,2015-12-02
2159.0,2015-12-03
2160.0,2015-12-04
2163.0,2015-12-07
2164.0,2015-12-08
2165.0,2015-12-09
2166.0,2015-12-10
2167.0,2015-12-11
2170.0,2015-12-14
2171.0,2015-12-15
2172.0,2015-12-16
2173.0,2015-12-17
2174.0,2015-12-18
2177.0,2015-12-21
2178.0,2015-12-22
2179.0,2015-12-23
2180.0,2015-12-24
2184.0,2015-12-28
2185.0,2015-12-29
2186.0,2015-12-30
2187.0,2015-12-31
2191.0,2016-01-04
2192.0,2016-01-05
2193.0,2016-01-06
2194.0,2016-01-07
2195.0,2016-01-08
2198.0,2016-01-11
2199.0,2016-01-12
2200.0,2016-01-13
2201.0,2016-01-14
2202.0,2016-01-15
2206.0,2016-01-19
2207.0,2016-01-20
2208.0,2016-01-21
2209.0,2016-01-22
2212.0,2016-01-25
2213.0,2016-01-26
2214.0,2016-01-27
2215.0,2016-01-28
2216.0,2016-01-29
2219.0,2016-02-01
2220.0,2016-02-02
2221.0,2016-02-03
2222.0,2016-02-04
2223.0,2016-02-05
2226.0,2016-02-08
2227.0,2016-02-09
2228.0,2016-02-10
2229.0,2016-02-11
2230.0,2016-02-12
2234.0,2016-02-16
2235.0,2016-02-17
2236.0,2016-02-18
2237.0,2016-02-19
2240.0,2016-02-22
2241.0,2016-02-23
2242.0,2016-02-24
2243.0,2016-02-25
2244.0,2016-02-26
2247.0,2016-02-29
2248.0,2016-03-01
2249.0,2016-03-02
2250.0,2016-03-03
2251.0,2016-03-04
2254.0,2016-03-07
2255.0,2016-03-08
2256.0,2016-03-09
2257.0,2016-03-10
2258.0,2016-03-11
2261.0,2016-03-14
2262.0,2016-03-15
2263.0,2016-03-16
2264.0,2016-03-17
2265.0,2016-03-18
2268.0,2016-03-21
2269.0,2016-03-22
2270.0,2016-03-23
2271.0,2016-03-24
2275.0,2016-03-28
2276.0,2016-03-29
2277.0,2016-03-30
2278.0,2016-03-31
2279.0,2016-04-01
2282.0,2016-04-04
2283.0,2016-04-05
2284.0,2016-04-06
2285.0,2016-04-07
2286.0,2016-04-08
2289.0,2016-04-11
2290.0,2016-04-12
2291.0,2016-04-13
2292.0,2016-04-14
2293.0,2016-04-15
2296.0,2016-04-18
2297.0,2016-04-19
2298.0,2016-04-20
2299.0,2016-04-21
2300.0,2016-04-22
2303.0,2016-04-25
2304.0,2016-04-26
2305.0,2016-04-27
2306.0,2016-04-28
2307.0,2016-04-29
2310.0,2016-05-02
2311.0,2016-05-03
2312.0,2016-05-04
2313.0,2016-05-05
2314.0,2016-05-06
2317.0,2016-05-09
2318.0,2016-05-10
2319.0,2016-05-11
2320.0,2016-05-12
2321.0,2016-05-13
2324.0,2016-05-16
2325.0,2016-05-17
2326.0,2016-05-18
2327.0,2016-05-19
2328.0,2016-05-20
2331.0,2016-05-23
2332.0,2016-05-24
2333.0,2016-05-25
2334.0,2016-05-26
2335.0,2016-05-27
2339.0,2016-05-31
2340.0,2016-06-01
2341.0,2016-06-02
2342.0,2016-06-03
2345.0,2016-06-06
2346.0,2016-06-07
2347.0,2016-06-08
2348.0,2016-06-09
2349.0,2016-06-10
2352.0,2016-06-13
2353.0,2016-06-14
2354.0,2016-06-15
2355.0,2016-06-16
2356.0,2016-06-17
2359.0,2016-06-20
2360.0,2016-06-21
2361.0,2016-06-22
2362.0,2016-06-23
2363.0,2016-06-24
2366.0,2016-06-27
2367.0,2016-06-28
2368.0,2016-06-29
2369.0,2016-06-30
2370.0,2016-07-01
2374.0,2016-07-05
2375.0,2016-07-06
2376.0,2016-07-07
2377.0,2016-07-08
2380.0,2016-07-11
2381.0,2016-07-12
2382.0,2016-07-13
2383.0,2016-07-14
2384.0,2016-07-15
2387.0,2016-07-18
2388.0,2016-07-19
2389.0,2016-07-20
2390.0,2016-07-21
2391.0,2016-07-22
2394.0,2016-07-25
2395.0,2016-07-26
2396.0,2016-07-27
2397.0,2016-07-28
2398.0,2016-07-29
2401.0,2016-08-01
2402.0,2016-08-02
2403.0,2016-08-03
2404.0,2016-08-04
2405.0,2016-08-05
2408.0,2016-08-08
2409.0,2016-08-09
2410.0,2016-08-10
2411.0,2016-08-11
2412.0,2016-08-12
2415.0,2016-08-15
2416.0,2016-08-16
2417.0,2016-08-17
2418.0,2016-08-18
2419.0,2016-08-19
2422.0,2016-08-22
2423.0,2016-08-23
2424.0,2016-08-24
2425.0,2016-08-25
2426.0,2016-08-26
2429.0,2016-08-29
2430.0,2016-08-30
2431.0,2016-08-31
2432.0,2016-09-01
2433.0,2016-09-02
2437.0,2016-09-06
2438.0,2016-09-07
2439.0,2016-09-08
2440.0,2016-09-09
2443.0,2016-09-12
2444.0,2016-09-13
2445.0,2016-09-14
2446.0,2016-09-15
2447.0,2016-09-16
2450.0,2016-09-19
2451.0,2016-09-20
2452.0,2016-09-21
2453.0,2016-09-22
2454.0,2016-09-23
2457.0,2016-09-26
2458.0,2016-09-27
2459.0,2016-09-28
2460.0,2016-09-29
2461.0,2016-09-30
2464.0,2016-10-03
2465.0,2016-10-04
2466.0,2016-10-05
2467.0,2016-10-06
2468.0,2016-10-07
2471.0,2016-10-10
2472.0,2016-10-11
2473.0,2016-10-12
2474.0,2016-10-13
2475.0,2016-10-14
2478.0,2016-10-17
2479.0,2016-10-18
2480.0,2016-10-19
2481.0,2016-10-20
2482.0,2016-10-21
2485.0,2016-10-24
2486.0,2016-10-25
2487.0,2016-10-26
2488.0,2016-10-27
2489.0,2016-10-28
2492.0,2016-10-31
2493.0,2016-11-01
2494.0,2016-11-02
2495.0,2016-11-03
2496.0,2016-11-04
2499.0,2016-11-07
2500.0,2016-11-08
2501.0,2016-11-09
2502.0,2016-11-10
2503.0,2016-11-11
2506.0,2016-11-14
2507.0,2016-11-15
2508.0,2016-11-16
2509.0,2016-11-17
2510.0,2016-11-18
2513.0,2016-11-21
2514.0,2016-11-22
2515.0,2016-11-23
2517.0,2016-11-25
2520.0,2016-11-28
2521.0,2016-11-29
2522.0,2016-11-30
2523.0,2016-12-01
2524.0,2016-12-02
2527.0,2016-12-05
2528.0,2016-12-06
2529.0,2016-12-07
2530.0,2016-12-08
2531.0,2016-12-09
2534.0,2016-12-12
2535.0,2016-12-13
2536.0,2016-12-14
2537.0,2016-12-15
2538.0,2016-12-16
2541.0,2016-12-19
2542.0,2016-12-20
2543.0,2016-12-21
2544.0,2016-12-22
2545.0,2016-12-23
2549.0,2016-12-27
2550.0,2016-12-28
2551.0,2016-12-29
2552.0,2016-12-30
2556.0,2017-01-03
2557.0,2017-01-04
2558.0,2017-01-05
2559.0,2017-01-06
2562.0,2017-01-09
2563.0,2017-01-10
2564.0,2017-01-11
2565.0,2017-01-12
2566.0,2017-01-13
2570.0,2017-01-17
2571.0,2017-01-18
2572.0,2017-01-19
2573.0,2017-01-20
2576.0,2017-01-23
2577.0,2017-01-24
2578.0,2017-01-25
2579.0,2017-01-26
2580.0,2017-01-27
2583.0,2017-01-30
2584.0,2017-01-31
2585.0,2017-02-01
2586.0,2017-02-02
2587.0,2017-02-03
2590.0,2017-02-06
2591.0,2017-02-07
2592.0,2017-02-08
2593.0,2017-02-09
2594.0,2017-02-10
2597.0,2017-02-13
2598.0,2017-02-14
2599.0,2017-02-15
2600.0,2017-02-16
2601.0,2017-02-17
2605.0,2017-02-21
2606.0,2017-02-22
2607.0,2017-02-23
2608.0,2017-02-24
2611.0,2017-02-27
2612.0,2017-02-28
2613.0,2017-03-01
2614.0,2017-03-02
2615.0,2017-03-03
2618.0,2017-03-06
2619.0,2017-03-07
2620.0,2017-03-08
2621.0,2017-03-09
2622.0,2017-03-10
2625.0,2017-03-13
2626.0,2017-03-14
2627.0,2017-03-15
2628.0,2017-03-16
2629.0,2017-03-17
2632.0,2017-03-20
2633.0,2017-03-21
2634.0,2017-03-22
2635.0,2017-03-23
2636.0,2017-03-24
2639.0,2017-03-27
2640.0,2017-03-28
2641.0,2017-03-29
2642.0,2017-03-30
2643.0,2017-03-31
2646.0,2017-04-03
2647.0,2017-04-04
2648.0,2017-04-05
2649.0,2017-04-06
2650.0,2017-04-07
2653.0,2017-04-10
2654.0,2017-04-11
2655.0,2017-04-12
2656.0,2017-04-13
2660.0,2017-04-17
2661.0,2017-04-18
2662.0,2017-04-19
2663.0,2017-04-20
2664.0,2017-04-21
2667.0,2017-04-24
2668.0,2017-04-25
2669.0,2017-04-26
2670.0,2017-04-27
2671.0,2017-04-28
2674.0,2017-05-01
2675.0,2017-05-02
2676.0,2017-05-03
2677.0,2017-05-04
2678.0,2017-05-05
2681.0,2017-05-08
2682.0,2017-05-09
2683.0,2017-05-10
2684.0,2017-05-11
2685.0,2017-05-12
2688.0,2017-05-15
2689.0,2017-05-16
2690.0,2017-05-17
2691.0,2017-05-18
2692.0,2017-05-19
2695.0,2017-05-22
2696.0,2017-05-23
2697.0,2017-05-24
2698.0,2017-05-25
2699.0,2017-05-26
2703.0,2017-05-30
2704.0,2017-05-31
2705.0,2017-06-01
2706.0,2017-06-02
2709.0,2017-06-05
2710.0,2017-06-06
2711.0,2017-06-07
2712.0,2017-06-08
2713.0,2017-06-09
2716.0,2017-06-12
2717.0,2017-06-13
2718.0,2017-06-14
2719.0,2017-06-15
2720.0,2017-06-16
2723.0,2017-06-19
2724.0,2017-06-20
2725.0,2017-06-21
2726.0,2017-06-22
2727.0,2017-06-23
2730.0,2017-06-26
2731.0,2017-06-27
2732.0,2017-06-28
2733.0,2017-06-29
2734.0,2017-06-30
2737.0,2017-07-03
2739.0,2017-07-05
2740.0,2017-07-06
2741.0,2017-07-07
2744.0,2017-07-10
2745.0,2017-07-11
2746.0,2017-07-12
2747.0,2017-07-13
2748.0,2017-07-14
2751.0,2017-07-17
2752.0,2017-07-18
2753.0,2017-07-19
2754.0,2017-07-20
2755.0,2017-07-21
2758.0,2017-07-24
2759.0,2017-07-25
2760.0,2017-07-26
2761.0,2017-07-27
2762.0,2017-07-28
2765.0,2017-07-31
2766.0,2017-08-01
2767.0,2017-08-02
2768.0,2017-08-03
2769.0,2017-08-04
2772.0,2017-08-07
2773.0,2017-08-08
2774.0,2017-08-09
2775.0,2017-08-10
2776.0,2017-08-11
2779.0,2017-08-14
2780.0,2017-08-15
2781.0,2017-08-16
2782.0,2017-08-17
2783.0,2017-08-18
2786.0,2017-08-21
2787.0,2017-08-22
2788.0,2017-08-23
2789.0,2017-08-24
2790.0,2017-08-25
2793.0,2017-08-28
2794.0,2017-08-29
2795.0,2017-08-30
2796.0,2017-08-31
2797.0,2017-09-01
2801.0,2017-09-05
2802.0,2017-09-06
2803.0,2017-09-07
2804.0,2017-09-08
2807.0,2017-09-11
2808.0,2017-09-12
2809.0,2017-09-13
2810.0,2017-09-14
2811.0,2017-09-15
2814.0,2017-09-18
2815.0,2017-09-19
2816.0,2017-09-20
2817.0,2017-09-21
2818.0,2017-09-22
2821.0,2017-09-25
2822.0,2017-09-26
2823.0,2017-09-27
2824.0,2017-09-28
2825.0,2017-09-29
2828.0,2017-10-02
2829.0,2017-10-03
2830.0,2017-10-04
2831.0,2017-10-05
2832.0,2017-10-06
2835.0,2017-10-09
2836.0,2017-10-10
2837.0,2017-10-11
2838.0,2017-10-12
2839.0,2017-10-13
2842.0,2017-10-16
2843.0,2017-10-17
2844.0,2017-10-18
2845.0,2017-10-19
2846.0,2017-10-20
2849.0,2017-10-23
2850.0,2017-10-24
2851.0,2017-10-25
2852.0,2017-10-26
2853.0,2017-10-27
2856.0,2017-10-30
2857.0,2017-10-31
2858.0,2017-11-01
2859.0,2017-11-02
2860.0,2017-11-03
2863.0,2017-11-06
2864.0,2017-11-07
2865.0,2017-11-08
2866.0,2017-11-09
2867.0,2017-11-10
2870.0,2017-11-13
2871.0,2017-11-14
2872.0,2017-11-15
2873.0,2017-11-16
2874.0,2017-11-17
2877.0,2017-11-20
2878.0,2017-11-21
2879.0,2017-11-22
2881.0,2017-11-24
2884.0,2017-11-27
2885.0,2017-11-28
2886.0,2017-11-29
2887.0,2017-11-30
2888.0,2017-12-01
2891.0,2017-12-04
2892.0,2017-12-05
2893.0,2017-12-06
2894.0,2017-12-07
2895.0,2017-12-08
2898.0,2017-12-11
2899.0,2017-12-12
2900.0,2017-12-13
2901.0,2017-12-14
2902.0,2017-12-15
2905.0,2017-12-18
2906.0,2017-12-19
2907.0,2017-12-20
2908.0,2017-12-21
2909.0,2017-12-22
2913.0,2017-12-26
2914.0,2017-12-27
2915.0,2017-12-28
2916.0,2017-12-29
2920.0,2018-01-02
2921.0,2018-01-03
2922.0,2018-01-04
2923.0,2018-01-05
2926.0,2018-01-08
2927.0,2018-01-09
2928.0,2018-01-10
2929.0,2018-01-11
2930.0,2018-01-12
2934.0,2018-01-16
2935.0,2018-01-17
2936.0,2018-01-18
2937.0,2018-01-19
2940.0,2018-01-22
2941.0,2018-01-23
2942.0,2018-01-24
2943.0,2018-01-25
2944.0,2018-01-26
2947.0,2018-01-29
2948.0,2018-01-30
2949.0,2018-01-31
2950.0,2018-02-01
2951.0,2018-02-02
2954.0,2018-02-05
2955.0,2018-02-06
2956.0,2018-02-07
2957.0,2018-02-08
2958.0,2018-02-09
2961.0,2018-02-12
2962.0,2018-02-13
2963.0,2018-02-14
2964.0,2018-02-15
2965.0,2018-02-16
2969.0,2018-02-20
2970.0,2018-02-21
2971.0,2018-02-22
2972.0,2018-02-23
2975.0,2018-02-26
2976.0,2018-02-27
2977.0,2018-02-28
2978.0,2018-03-01
2979.0,2018-03-02
2982.0,2018-03-05
2983.0,2018-03-06
2984.0,2018-03-07
2985.0,2018-03-08
2986.0,2018-03-09
2989.0,2018-03-12
2990.0,2018-03-13
2991.0,2018-03-14
2992.0,2018-03-15
2993.0,2018-03-16
2996.0,2018-03-19
2997.0,2018-03-20
2998.0,2018-03-21
2999.0,2018-03-22
3000.0,2018-03-23
3003.0,2018-03-26
3004.0,2018-03-27
3005.0,2018-03-28
3006.0,2018-03-29
3010.0,2018-04-02
3011.0,2018-04-03
3012.0,2018-04-04
3013.0,2018-04-05
3014.0,2018-04-06
3017.0,2018-04-09
3018.0,2018-04-10
3019.0,2018-04-11
3020.0,2018-04-12
3021.0,2018-04-13
3024.0,2018-04-16
3025.0,2018-04-17
3026.0,2018-04-18
3027.0,2018-04-19
3028.0,2018-04-20
3031.0,2018-04-23
3032.0,2018-04-24
3033.0,2018-04-25
3034.0,2018-04-26
3035.0,2018-04-27
3038.0,2018-04-30
3039.0,2018-05-01
3040.0,2018-05-02
3041.0,2018-05-03
3042.0,2018-05-04
3045.0,2018-05-07
3046.0,2018-05-08
3047.0,2018-05-09
3048.0,2018-05-10
3049.0,2018-05-11
3052.0,2018-05-14
3053.0,2018-05-15
3054.0,2018-05-16
3055.0,2018-05-17
3056.0,2018-05-18
3059.0,2018-05-21
3060.0,2018-05-22
3061.0,2018-05-23
3062.0,2018-05-24
3063.0,2018-05-25
3067.0,2018-05-29
3068.0,2018-05-30
3069.0,2018-05-31
3070.0,2018-06-01
3073.0,2018-06-04
3074.0,2018-06-05
3075.0,2018-06-06
3076.0,2018-06-07
3077.0,2018-06-08
3080.0,2018-06-11
3081.0,2018-06-12
3082.0,2018-06-13
3083.0,2018-06-14
3084.0,2018-06-15
3087.0,2018-06-18
3088.0,2018-06-19
3089.0,2018-06-20
3090.0,2018-06-21
3091.0,2018-06-22
3094.0,2018-06-25
3095.0,2018-06-26
3096.0,2018-06-27
3097.0,2018-06-28
3098.0,2018-06-29
3101.0,2018-07-02
3102.0,2018-07-03
3104.0,2018-07-05
3105.0,2018-07-06
3108.0,2018-07-09
3109.0,2018-07-10
3110.0,2018-07-11
3111.0,2018-07-12
3112.0,2018-07-13
3115.0,2018-07-16
3116.0,2018-07-17
3117.0,2018-07-18
3118.0,2018-07-19
3119.0,2018-07-20
3122.0,2018-07-23
3123.0,2018-07-24
3124.0,2018-07-25
3125.0,2018-07-26
3126.0,2018-07-27
3129.0,2018-07-30
3130.0,2018-07-31
3131.0,2018-08-01
3132.0,2018-08-02
3133.0,2018-08-03
3136.0,2018-08-06
3137.0,2018-08-07
3138.0,2018-08-08
3139.0,2018-08-09
3140.0,2018-08-10
3143.0,2018-08-13
3144.0,2018-08-14
3145.0,2018-08-15
3146.0,2018-08-16
3147.0,2018-08-17
3150.0,2018-08-20
3151.0,2018-08-21
3152.0,2018-08-22
3153.0,2018-08-23
3154.0,2018-08-24
3157.0,2018-08-27
3158.0,2018-08-28
3159.0,2018-08-29
3160.0,2018-08-30
3161.0,2018-08-31
3165.0,2018-09-04
3166.0,2018-09-05
3167.0,2018-09-06
3168.0,2018-09-07
3171.0,2018-09-10
3172.0,2018-09-11
3173.0,2018-09-12
3174.0,2018-09-13
3175.0,2018-09-14
3178.0,2018-09-17
3179.0,2018-09-18
3180.0,2018-09-19
3181.0,2018-09-20
3182.0,2018-09-21
3185.0,2018-09-24
3186.0,2018-09-25
3187.0,2018-09-26
3188.0,2018-09-27
3189.0,2018-09-28
3192.0,2018-10-01
3193.0,2018-10-02
3194.0,2018-10-03
3195.0,2018-10-04
3196.0,2018-10-05
3199.0,2018-10-08
3200.0,2018-10-09
3201.0,2018-10-10
3202.0,2018-10-11
3203.0,2018-10-12
3206.0,2018-10-15
3207.0,2018-10-16
3208.0,2018-10-17
3209.0,2018-10-18
3210.0,2018-10-19
3213.0,2018-10-22
3214.0,2018-10-23
3215.0,2018-10-24
3216.0,2018-10-25
3217.0,2018-10-26
3220.0,2018-10-29
3221.0,2018-10-30
3222.0,2018-10-31
3223.0,2018-11-01
3224.0,2018-11-02
3227.0,2018-11-05
3228.0,2018-11-06
3229.0,2018-11-07
3230.0,2018-11-08
3231.0,2018-11-09
3234.0,2018-11-12
3235.0,2018-11-13
3236.0,2018-11-14
3237.0,2018-11-15
3238.0,2018-11-16
3241.0,2018-11-19
3242.0,2018-11-20
3243.0,2018-11-21
3245.0,2018-11-23
3248.0,2018-11-26
3249.0,2018-11-27
3250.0,2018-11-28
3251.0,2018-11-29
3252.0,2018-11-30
3255.0,2018-12-03
3256.0,2018-12-04
3258.0,2018-12-06
3259.0,2018-12-07
3262.0,2018-12-10
3263.0,2018-12-11
3264.0,2018-12-12
3265.0,2018-12-13
3266.0,2018-12-14
3269.0,2018-12-17
3270.0,2018-12-18
3271.0,2018-12-19
3272.0,2018-12-20
3273.0,2018-12-21
3276.0,2018-12-24
3278.0,2018-12-26
3279.0,2018-12-27
3280.0,2018-12-28
3283.0,2018-12-31
3285.0,2019-01-02
3286.0,2019-01-03
3287.0,2019-01-04
3290.0,2019-01-07
3291.0,2019-01-08
3292.0,2019-01-09
3293.0,2019-01-10
3294.0,2019-01-11
3297.0,2019-01-14
3298.0,2019-01-15
3299.0,2019-01-16
3300.0,2019-01-17
3301.0,2019-01-18
3305.0,2019-01-22
3306.0,2019-01-23
3307.0,2019-01-24
3308.0,2019-01-25
3311.0,2019-01-28
3312.0,2019-01-29
3313.0,2019-01-30
3314.0,2019-01-31
3315.0,2019-02-01
3318.0,2019-02-04
3319.0,2019-02-05
3320.0,2019-02-06
3321.0,2019-02-07
3322.0,2019-02-08
3325.0,2019-02-11
3326.0,2019-02-12
3327.0,2019-02-13
3328.0,2019-02-14
3329.0,2019-02-15
3333.0,2019-02-19
3334.0,2019-02-20
3335.0,2019-02-21
3336.0,2019-02-22
3339.0,2019-02-25
3340.0,2019-02-26
3341.0,2019-02-27
3342.0,2019-02-28
3343.0,2019-03-01
3346.0,2019-03-04
3347.0,2019-03-05
3348.0,2019-03-06
3349.0,2019-03-07
3350.0,2019-03-08
3353.0,2019-03-11
3354.0,2019-03-12
3355.0,2019-03-13
3356.0,2019-03-14
3357.0,2019-03-15
3360.0,2019-03-18
3361.0,2019-03-19
3362.0,2019-03-20
3363.0,2019-03-21
3364.0,2019-03-22
3367.0,2019-03-25
3368.0,2019-03-26
3369.0,2019-03-27
3370.0,2019-03-28
3371.0,2019-03-29
3374.0,2019-04-01
3375.0,2019-04-02
3376.0,2019-04-03
3377.0,2019-04-04
3378.0,2019-04-05
3381.0,2019-04-08
3382.0,2019-04-09
3383.0,2019-04-10
3384.0,2019-04-11
3385.0,2019-04-12
3388.0,2019-04-15
3389.0,2019-04-16
3390.0,2019-04-17
3391.0,2019-04-18
3395.0,2019-04-22
3396.0,2019-04-23
3397.0,2019-04-24
3398.0,2019-04-25
3399.0,2019-04-26
3402.0,2019-04-29
3403.0,2019-04-30
3404.0,2019-05-01
3405.0,2019-05-02
3406.0,2019-05-03
3409.0,2019-05-06
3410.0,2019-05-07
3411.0,2019-05-08
3412.0,2019-05-09
3413.0,2019-05-10
3416.0,2019-05-13
3417.0,2019-05-14
3418.0,2019-05-15
3419.0,2019-05-16
3420.0,2019-05-17
3423.0,2019-05-20
3424.0,2019-05-21
3425.0,2019-05-22
3426.0,2019-05-23
3427.0,2019-05-24
3431.0,2019-05-28
3432.0,2019-05-29
3433.0,2019-05-30
3434.0,2019-05-31
3437.0,2019-06-03
3438.0,2019-06-04
3439.0,2019-06-05
3440.0,2019-06-06
3441.0,2019-06-07
3444.0,2019-06-10
3445.0,2019-06-11
3446.0,2019-06-12
3447.0,2019-06-13
3448.0,2019-06-14
3451.0,2019-06-17
3452.0,2019-06-18
3453.0,2019-06-19
3454.0,2019-06-20
3455.0,2019-06-21
3458.0,2019-06-24
3459.0,2019-06-25
3460.0,2019-06-26
3461.0,2019-06-27
3462.0,2019-06-28
3465.0,2019-07-01
3466.0,2019-07-02
3467.0,2019-07-03
3469.0,2019-07-05
3472.0,2019-07-08
3473.0,2019-07-09
3474.0,2019-07-10
3475.0,2019-07-11
3476.0,2019-07-12
3479.0,2019-07-15
3480.0,2019-07-16
3481.0,2019-07-17
3482.0,2019-07-18
3483.0,2019-07-19
3486.0,2019-07-22
3487.0,2019-07-23
3488.0,2019-07-24
3489.0,2019-07-25
3490.0,2019-07-26
3493.0,2019-07-29
3494.0,2019-07-30
3495.0,2019-07-31
3496.0,2019-08-01
3497.0,2019-08-02
3500.0,2019-08-05
3501.0,2019-08-06
3502.0,2019-08-07
3503.0,2019-08-08
3504.0,2019-08-09
3507.0,2019-08-12
3508.0,2019-08-13
3509.0,2019-08-14
3510.0,2019-08-15
3511.0,2019-08-16
3514.0,2019-08-19
3515.0,2019-08-20
3516.0,2019-08-21
3517.0,2019-08-22
3518.0,2019-08-23
3521.0,2019-08-26
3522.0,2019-08-27
3523.0,2019-08-28
3524.0,2019-08-29
3525.0,2019-08-30
3529.0,2019-09-03
3530.0,2019-09-04
3531.0,2019-09-05
3532.0,2019-09-06
3535.0,2019-09-09
3536.0,2019-09-10
3537.0,2019-09-11
3538.0,2019-09-12
3539.0,2019-09-13
3542.0,2019-09-16
3543.0,2019-09-17
3544.0,2019-09-18
3545.0,2019-09-19
3546.0,2019-09-20
3549.0,2019-09-23
3550.0,2019-09-24
3551.0,2019-09-25
3552.0,2019-09-26
3553.0,2019-09-27
3556.0,2019-09-30
3557.0,2019-10-01
3558.0,2019-10-02
3559.0,2019-10-03
3560.0,2019-10-04
3563.0,2019-10-07
3564.0,2019-10-08
3565.0,2019-10-09
3566.0,2019-10-10
3567.0,2019-10-11
3570.0,2019-10-14
3571.0,2019-10-15
3572.0,2019-10-16
3573.0,2019-10-17
3574.0,2019-10-18
3577.0,2019-10-21
3578.0,2019-10-22
3579.0,2019-10-23
3580.0,2019-10-24
3581.0,2019-10-25
3584.0,2019-10-28
3585.0,2019-10-29
3586.0,2019-10-30
3587.0,2019-10-31
3588.0,2019-11-01
3591.0,2019-11-04
3592.0,2019-11-05
3593.0,2019-11-06
3594.0,2019-11-07
3595.0,2019-11-08
3598.0,2019-11-11
3599.0,2019-11-12
3600.0,2019-11-13
3601.0,2019-11-14
3602.0,2019-11-15
3605.0,2019-11-18
3606.0,2019-11-19
3607.0,2019-11-20
3608.0,2019-11-21
3609.0,2019-11-22
3612.0,2019-11-25
3613.0,2019-11-26
3614.0,2019-11-27
3616.0,2019-11-29
3619.0,2019-12-02
3620.0,2019-12-03
3621.0,2019-12-04
3622.0,2019-12-05
3623.0,2019-12-06
3626.0,2019-12-09
3627.0,2019-12-10
3628.0,2019-12-11
3629.0,2019-12-12
3630.0,2019-12-13
3633.0,2019-12-16
3634.0,2019-12-17
3635.0,2019-12-18
3636.0,2019-12-19
3637.0,2019-12-20
3640.0,2019-12-23
3641.0,2019-12-24
3643.0,2019-12-26
3644.0,2019-12-27
3647.0,2019-12-30
3648.0,2019-12-31
3650.0,2020-01-02
3651.0,2020-01-03
3654.0,2020-01-06
3655.0,2020-01-07
3656.0,2020-01-08
3657.0,2020-01-09
3658.0,2020-01-10
3661.0,2020-01-13
3662.0,2020-01-14
3663.0,2020-01-15
3664.0,2020-01-16
3665.0,2020-01-17
3669.0,2020-01-21
3670.0,2020-01-22
3671.0,2020-01-23
3672.0,2020-01-24
3675.0,2020-01-27
3676.0,2020-01-28
3677.0,2020-01-29
3678.0,2020-01-30
3679.0,2020-01-31
3682.0,2020-02-03
3683.0,2020-02-04
3684.0,2020-02-05
3685.0,2020-02-06
3686.0,2020-02-07
3689.0,2020-02-10
3690.0,2020-02-11
3691.0,2020-02-12
3692.0,2020-02-13
3693.0,2020-02-14
3697.0,2020-02-18
3698.0,2020-02-19
3699.0,2020-02-20
3700.0,2020-02-21
3703.0,2020-02-24
3704.0,2020-02-25
3705.0,2020-02-26
3706.0,2020-02-27
3707.0,2020-02-28
3710.0,2020-03-02
3711.0,2020-03-03
3712.0,2020-03-04
3713.0,2020-03-05
3714.0,2020-03-06
3717.0,2020-03-09
3718.0,2020-03-10
3719.0,2020-03-11
3720.0,2020-03-12
3721.0,2020-03-13
3724.0,2020-03-16
3725.0,2020-03-17
3726.0,2020-03-18
3727.0,2020-03-19
3728.0,2020-03-20
3731.0,2020-03-23
3732.0,2020-03-24
3733.0,2020-03-25
3734.0,2020-03-26
3735.0,2020-03-27
3738.0,2020-03-30
3739.0,2020-03-31
3740.0,2020-04-01
3741.0,2020-04-02
3742.0,2020-04-03
3745.0,2020-04-06
3746.0,2020-04-07
3747.0,2020-04-08
3748.0,2020-04-09
3752.0,2020-04-13
3753.0,2020-04-14
3754.0,2020-04-15
3755.0,2020-04-16
3756.0,2020-04-17
3759.0,2020-04-20
3760.0,2020-04-21
3761.0,2020-04-22
3762.0,2020-04-23
3763.0,2020-04-24
3766.0,2020-04-27
3767.0,2020-04-28
3768.0,2020-04-29
3769.0,2020-04-30
3770.0,2020-05-01
3773.0,2020-05-04
3774.0,2020-05-05
3775.0,2020-05-06
3776.0,2020-05-07
3777.0,2020-05-08
3780.0,2020-05-11
3781.0,2020-05-12
3782.0,2020-05-13
3783.0,2020-05-14
3784.0,2020-05-15
3787.0,2020-05-18
3788.0,2020-05-19
3789.0,2020-05-20
3790.0,2020-05-21
3791.0,2020-05-22
3795.0,2020-05-26
3796.0,2020-05-27
3797.0,2020-05-28
3798.0,2020-05-29
3801.0,2020-06-01
3802.0,2020-06-02
3803.0,2020-06-03
3804.0,2020-06-04
3805.0,2020-06-05
3808.0,2020-06-08
3809.0,2020-06-09
3810.0,2020-06-10
3811.0,2020-06-11
3812.0,2020-06-12
3815.0,2020-06-15
3816.0,2020-06-16
3817.0,2020-06-17
3818.0,2020-06-18
3819.0,2020-06-19
3822.0,2020-06-22
3823.0,2020-06-23
3824.0,2020-06-24
3825.0,2020-06-25
3826.0,2020-06-26
3829.0,2020-06-29
3830.0,2020-06-30
3831.0,2020-07-01
3832.0,2020-07-02
3836.0,2020-07-06
3837.0,2020-07-07
3838.0,2020-07-08
3839.0,2020-07-09
3840.0,2020-07-10
3843.0,2020-07-13
3844.0,2020-07-14
3845.0,2020-07-15
3846.0,2020-07-16
3847.0,2020-07-17
3850.0,2020-07-20
3851.0,2020-07-21
3852.0,2020-07-22
3853.0,2020-07-23
3854.0,2020-07-24
3857.0,2020-07-27
3858.0,2020-07-28
3859.0,2020-07-29
3860.0,2020-07-30
3861.0,2020-07-31
3864.0,2020-08-03
3865.0,2020-08-04
3866.0,2020-08-05
3867.0,2020-08-06
3868.0,2020-08-07
3871.0,2020-08-10
3872.0,2020-08-11
3873.0,2020-08-12
3874.0,2020-08-13
3875.0,2020-08-14
3878.0,2020-08-17
3879.0,2020-08-18
3880.0,2020-08-19
3881.0,2020-08-20
3882.0,2020-08-21
3885.0,2020-08-24
3886.0,2020-08-25
3887.0,2020-08-26
3888.0,2020-08-27
3889.0,2020-08-28
3892.0,2020-08-31
3893.0,2020-09-01
3894.0,2020-09-02
3895.0,2020-09-03
3896.0,2020-09-04
3900.0,2020-09-08
3901.0,2020-09-09
3902.0,2020-09-10
3903.0,2020-09-11
3906.0,2020-09-14
3907.0,2020-09-15
3908.0,2020-09-16
3909.0,2020-09-17
3910.0,2020-09-18
3913.0,2020-09-21
3914.0,2020-09-22
3915.0,2020-09-23
3916.0,2020-09-24
3917.0,2020-09-25
3920.0,2020-09-28
3921.0,2020-09-29
3922.0,2020-09-30
3923.0,2020-10-01
3924.0,2020-10-02
3927.0,2020-10-05
3928.0,2020-10-06
3929.0,2020-10-07
3930.0,2020-10-08
3931.0,2020-10-09
3934.0,2020-10-12
3935.0,2020-10-13
3936.0,2020-10-14
3937.0,2020-10-15
3938.0,2020-10-16
3941.0,2020-10-19
3942.0,2020-10-20
3943.0,2020-10-21
3944.0,2020-10-22
3945.0,2020-10-23
3948.0,2020-10-26
3949.0,2020-10-27
3950.0,2020-10-28
3951.0,2020-10-29
3952.0,2020-10-30
3955.0,2020-11-02
3956.0,2020-11-03
3957.0,2020-11-04
3958.0,2020-11-05
3959.0,2020-11-06
3962.0,2020-11-09
3963.0,2020-11-10
3964.0,2020-11-11
3965.0,2020-11-12
3966.0,2020-11-13
3969.0,2020-11-16
3970.0,2020-11-17
3971.0,2020-11-18
3972.0,2020-11-19
3973.0,2020-11-20
3976.0,2020-11-23
3977.0,2020-11-24
3978.0,2020-11-25
3980.0,2020-11-27
3983.0,2020-11-30
3984.0,2020-12-01
3985.0,2020-12-02
3986.0,2020-12-03
3987.0,2020-12-04
3990.0,2020-12-07
3991.0,2020-12-08
3992.0,2020-12-09
3993.0,2020-12-10
3994.0,2020-12-11
3997.0,2020-12-14
3998.0,2020-12-15
3999.0,2020-12-16
4000.0,2020-12-17
4001.0,2020-12-18
4004.0,2020-12-21
4005.0,2020-12-22
4006.0,2020-12-23
4007.0,2020-12-24
4011.0,2020-12-28
4012.0,2020-12-29
4013.0,2020-12-30
4014.0,2020-12-31
4018.0,2021-01-04
4019.0,2021-01-05
4020.0,2021-01-06
4021.0,2021-01-07
4022.0,2021-01-08
4025.0,2021-01-11
4026.0,2021-01-12
4027.0,2021-01-13
4028.0,2021-01-14
4029.0,2021-01-15
4033.0,2021-01-19
4034.0,2021-01-20
4035.0,2021-01-21
4036.0,2021-01-22
4039.0,2021-01-25
4040.0,2021-01-26
4041.0,2021-01-27
4042.0,2021-01-28
4043.0,2021-01-29
4046.0,2021-02-01
4047.0,2021-02-02
4048.0,2021-02-03
4049.0,2021-02-04
4050.0,2021-02-05
4053.0,2021-02-08
4054.0,2021-02-09
4055.0,2021-02-10
4056.0,2021-02-11
4057.0,2021-02-12
4061.0,2021-02-16
4062.0,2021-02-17
4063.0,2021-02-18
4064.0,2021-02-19
4067.0,2021-02-22
4068.0,2021-02-23
4069.0,2021-02-24
4070.0,2021-02-25
4071.0,2021-02-26
4074.0,2021-03-01
4075.0,2021-03-02
4076.0,2021-03-03
4077.0,2021-03-04
4078.0,2021-03-05
4081.0,2021-03-08
4082.0,2021-03-09
4083.0,2021-03-10
